Txhash,Blockno,UnixTimestamp,DateTime,From,To,ContractAddress,Value_IN(ETH),Value_OUT(ETH),CurrentValue @ $3121.67/Eth,TxnFee(ETH),TxnFee(USD),Historical $Price/Eth,Status,ErrCode,Method,PrivateNote
0x728d521820a8b38d95fba907508b65c0e1d2a3feec9bc816624a2b8b81e67fc2,14402859,1647504598,3/17/2022 8:09,0x1d7c6783328c145393e84fb47a7f7c548f5ee28d,,0x45a01e4e04f14f7a4a6702c74187c5f6222033cd,0,0,0,0.03042795,94.9860186,2816.26,,,0x61016060,
0x623b721dc7127e147e453b77f36ec3defa4a15940b188878cb5f820315dd3d4d,14404971,1647532566,3/17/2022 15:56,0x3dca07e16b2becd3eb76a9f9ce240b525451f887,0x45a01e4e04f14f7a4a6702c74187c5f6222033cd,,0,0,0,0.012009405,37.48939931,2816.26,Error(0),Reverted,Enter,
0xb80ffcd8ca2652b1fef0b1f84125c23b2b148c0986e504e8afabaa432e69b110,14404971,1647532566,3/17/2022 15:56,0xeb2629a2734e272bcc07bda959863f316f4bd4cf,0x45a01e4e04f14f7a4a6702c74187c5f6222033cd,,0.012,0,37.46004,0.002035344,6.353672359,2816.26,Error(0),Reverted,Transfer,
0x0eaaad2a74f242bbb6be394f1b24381b85330038e449ec3d50a0dab0233d6077,14404973,1647532583,3/17/2022 15:56,0x3dca07e16b2becd3eb76a9f9ce240b525451f887,0x45a01e4e04f14f7a4a6702c74187c5f6222033cd,,0,0,0,0.012009405,37.48939931,2816.26,Error(0),Reverted,Enter,
0x92dcd9e17f3e1fc2da111201c8fb3c0cfc316cde15e209a20b5ea4a14bfd57f0,14404975,1647532638,3/17/2022 15:57,0x52facc25e6e45fafcf420506e1d0f03028b7d6f7,0x45a01e4e04f14f7a4a6702c74187c5f6222033cd,,0,0,0,0.00617682,19.28199369,2816.26,Error(0),Reverted,Enter,
0x3b510a4378fabc55b673ee87d66020332443ed16340eb3aa1f7dc03b528e68d7,14404982,1647532775,3/17/2022 15:59,0x99d97bc0bfa452237c65b43e59fd0d9e7f2b3f0c,0x45a01e4e04f14f7a4a6702c74187c5f6222033cd,,0,0,0,0.423610953,1322.373604,2816.26,Error(0),Reverted,Enter,
0x93aa857c9dab050ee7aec244580ddb152b655ee66cac8f3741a585c36d198f97,14404982,1647532775,3/17/2022 15:59,0x99d97bc0bfa452237c65b43e59fd0d9e7f2b3f0c,0x45a01e4e04f14f7a4a6702c74187c5f6222033cd,,0,0,0,0.423610953,1322.373604,2816.26,Error(0),Reverted,Enter,
0x3bcfcf5e2c843d8558bc7b48b1975cfabf291870e348802d42a8a2ace610e635,14404982,1647532775,3/17/2022 15:59,0x99d97bc0bfa452237c65b43e59fd0d9e7f2b3f0c,0x45a01e4e04f14f7a4a6702c74187c5f6222033cd,,0,0,0,0.423610953,1322.373604,2816.26,Error(0),Reverted,Enter,
0xe73997af79cddc5161e31bc627ff118c9b93effc50c22053752b02b787c17cc8,14404982,1647532775,3/17/2022 15:59,0x99d97bc0bfa452237c65b43e59fd0d9e7f2b3f0c,0x45a01e4e04f14f7a4a6702c74187c5f6222033cd,,0,0,0,0.423610953,1322.373604,2816.26,Error(0),Reverted,Enter,
0xb5ffa4ce0c1c1b09419d4431ca397a577611da78f7f81450c737f62dd02e7f21,14404982,1647532775,3/17/2022 15:59,0x99d97bc0bfa452237c65b43e59fd0d9e7f2b3f0c,0x45a01e4e04f14f7a4a6702c74187c5f6222033cd,,0,0,0,0.423610953,1322.373604,2816.26,Error(0),Reverted,Enter,
0x7b30eef51573cff14cd4587b052dc6f421ae1f254299c3ff0b75d3cdefc0f324,14404982,1647532775,3/17/2022 15:59,0x99d97bc0bfa452237c65b43e59fd0d9e7f2b3f0c,0x45a01e4e04f14f7a4a6702c74187c5f6222033cd,,0,0,0,0.423610953,1322.373604,2816.26,Error(0),Reverted,Enter,
0x5edf52192509c38552879b1d6277dcdf0c84714e93ad1e4f9da4bf6a14d37bfc,14404982,1647532775,3/17/2022 15:59,0xb31c29857869ded63ebd4e322b865ea9d6858530,0x45a01e4e04f14f7a4a6702c74187c5f6222033cd,,0,0,0,0.363278556,1134.03577,2816.26,Error(0),Reverted,Enter,
0x80e2e292a3c2889c1c47b46a09c4f1367a0ba360d6d1be8ca89813fad6c3a472,14404982,1647532775,3/17/2022 15:59,0xb31c29857869ded63ebd4e322b865ea9d6858530,0x45a01e4e04f14f7a4a6702c74187c5f6222033cd,,0,0,0,0.363278556,1134.03577,2816.26,Error(0),Reverted,Enter,
0xfeb3d4bc6037de5da2b1d6403a9f87ec957f352611768eccbd916f97f0b247a6,14404982,1647532775,3/17/2022 15:59,0xb31c29857869ded63ebd4e322b865ea9d6858530,0x45a01e4e04f14f7a4a6702c74187c5f6222033cd,,0,0,0,0.363278556,1134.03577,2816.26,Error(0),Reverted,Enter,
0x387255a7e0e3ab22ff3efb5b11190fc40a7174382af65ef65fef313f384651cc,14404982,1647532775,3/17/2022 15:59,0xb31c29857869ded63ebd4e322b865ea9d6858530,0x45a01e4e04f14f7a4a6702c74187c5f6222033cd,,0,0,0,0.363278556,1134.03577,2816.26,Error(0),Reverted,Enter,
0xcb3e5005af86fe97e4d47feffaa797b52a6b6263be415662d84903344d929b51,14404982,1647532775,3/17/2022 15:59,0xb31c29857869ded63ebd4e322b865ea9d6858530,0x45a01e4e04f14f7a4a6702c74187c5f6222033cd,,0,0,0,0.363278556,1134.03577,2816.26,Error(0),Reverted,Enter,
0xda904302919849ef34d6d87c79042a2a3590aa9773ebc1f28deded4cbf420860,14404982,1647532775,3/17/2022 15:59,0xb31c29857869ded63ebd4e322b865ea9d6858530,0x45a01e4e04f14f7a4a6702c74187c5f6222033cd,,0,0,0,0.363278556,1134.03577,2816.26,Error(0),Reverted,Enter,
0xd64e223f711262e11d794229795483e45653c4739fd3312e521fc1309758484d,14404982,1647532775,3/17/2022 15:59,0x5d5c9283462ba781b9e83d794071a9d28921a6c3,0x45a01e4e04f14f7a4a6702c74187c5f6222033cd,,0,0,0,0.298427769,931.5930137,2816.26,Error(0),Reverted,Enter,
0x0aee3ebfbfee4d6bc62aab53eae545aea6c915f470b6396e846ab4736176933c,14404982,1647532775,3/17/2022 15:59,0x5d5c9283462ba781b9e83d794071a9d28921a6c3,0x45a01e4e04f14f7a4a6702c74187c5f6222033cd,,0,0,0,0.298427769,931.5930137,2816.26,Error(0),Reverted,Enter,
0x3af50c026bb7c31651512948ffe2c4753f96d6d92788319a57df837c8ab284b5,14404982,1647532775,3/17/2022 15:59,0x5d5c9283462ba781b9e83d794071a9d28921a6c3,0x45a01e4e04f14f7a4a6702c74187c5f6222033cd,,0,0,0,0.298427769,931.5930137,2816.26,Error(0),Reverted,Enter,
0xfef83ea2059b2fb0481b5a7eb4ddb049d55ec65658d1554d4705a83d3b31c186,14404982,1647532775,3/17/2022 15:59,0x5d5c9283462ba781b9e83d794071a9d28921a6c3,0x45a01e4e04f14f7a4a6702c74187c5f6222033cd,,0,0,0,0.298427769,931.5930137,2816.26,Error(0),Reverted,Enter,
0xc2709caa4c3f38dc9d1c89fc252a98f79842b56858e3934a270b9ea149f44c42,14404982,1647532775,3/17/2022 15:59,0x5d5c9283462ba781b9e83d794071a9d28921a6c3,0x45a01e4e04f14f7a4a6702c74187c5f6222033cd,,0,0,0,0.298427769,931.5930137,2816.26,Error(0),Reverted,Enter,
0x25b17fbe05c7ea7c683079c1509292052273292f128859fda02fcfd06b211778,14404982,1647532775,3/17/2022 15:59,0x5d5c9283462ba781b9e83d794071a9d28921a6c3,0x45a01e4e04f14f7a4a6702c74187c5f6222033cd,,0,0,0,0.298427769,931.5930137,2816.26,Error(0),Reverted,Enter,
0x199d1dbcae406224149dbb7c0cb84080b2ab96c93fabe48a41b1a5d823e08e39,14404984,1647532826,3/17/2022 16:00,0x99d97bc0bfa452237c65b43e59fd0d9e7f2b3f0c,0x45a01e4e04f14f7a4a6702c74187c5f6222033cd,,0,0,0,2.71078234,8462.167907,2816.26,,,Enter,
0x5e383ed1cba7bf060be149bc0b47915d0756bbd26cb859c83de3c1f344763121,14404984,1647532826,3/17/2022 16:00,0x99d97bc0bfa452237c65b43e59fd0d9e7f2b3f0c,0x45a01e4e04f14f7a4a6702c74187c5f6222033cd,,0,0,0,1.49237314,4658.69646,2816.26,,,Enter,
0x4b415603415393f8753423b2442be021021489e4d7b543e595738cfde12df36e,14404984,1647532826,3/17/2022 16:00,0x99d97bc0bfa452237c65b43e59fd0d9e7f2b3f0c,0x45a01e4e04f14f7a4a6702c74187c5f6222033cd,,0,0,0,0.945905926,2952.806152,2816.26,Error(0),Reverted,Enter,
0x0f325c074177bdbf6fc39fb30e5d7ecbfc1fe4b068729c5715584ce7308c7540,14404984,1647532826,3/17/2022 16:00,0xb31c29857869ded63ebd4e322b865ea9d6858530,0x45a01e4e04f14f7a4a6702c74187c5f6222033cd,,0,0,0,1.541165088,4811.00882,2816.26,,,Enter,
0x6b069b661081040001d2aa3352e09658a9abed0188689441e29f5e05d31f694f,14404984,1647532826,3/17/2022 16:00,0xb31c29857869ded63ebd4e322b865ea9d6858530,0x45a01e4e04f14f7a4a6702c74187c5f6222033cd,,0,0,0,0.428247384,1336.847011,2816.26,Error(0),Reverted,Enter,
0xabcc1f6f653e50b19a5fe12292c37da21d3f873bd8b720c2e4ef0a93cabb150a,14404984,1647532826,3/17/2022 16:00,0xb31c29857869ded63ebd4e322b865ea9d6858530,0x45a01e4e04f14f7a4a6702c74187c5f6222033cd,,0,0,0,0.428247384,1336.847011,2816.26,Error(0),Reverted,Enter,
0xa87f40ff0ffe5c00e0884869cc77bce463bf08c22989459eaf7491b2327172e1,14404984,1647532826,3/17/2022 16:00,0x5d5c9283462ba781b9e83d794071a9d28921a6c3,0x45a01e4e04f14f7a4a6702c74187c5f6222033cd,,0,0,0,0.351798666,1098.199342,2816.26,Error(0),Reverted,Enter,
0x1ae4523ef89d5ba04c2cdf0d1e733bc8fafb70b9ec9d11551a8bb21dc6fdcdc5,14404984,1647532826,3/17/2022 16:00,0x5d5c9283462ba781b9e83d794071a9d28921a6c3,0x45a01e4e04f14f7a4a6702c74187c5f6222033cd,,0,0,0,0.351798666,1098.199342,2816.26,Error(0),Reverted,Enter,
0xd49b3d40bea1691b5c11a5719e792c59259e1691a0f3e4a17fed30b56416bacf,14404984,1647532826,3/17/2022 16:00,0x5d5c9283462ba781b9e83d794071a9d28921a6c3,0x45a01e4e04f14f7a4a6702c74187c5f6222033cd,,0,0,0,0.351798666,1098.199342,2816.26,Error(0),Reverted,Enter,
0xf195c28f0288d6a8519ed2da531b62430bc2e55a5b9c27009707d63d53f3d7f9,14404984,1647532826,3/17/2022 16:00,0x5c8494ffcfba5ab54f9a812c2f3157fb07a974a5,0x45a01e4e04f14f7a4a6702c74187c5f6222033cd,,0,0,0,0.14011,437.3771837,2816.26,Error(0),Reverted,Enter,
0xc39a1eae8c3ebcb37da5ec6bcde2cf684815dccbe19de04acda2f22477983f7a,14404984,1647532826,3/17/2022 16:00,0x6317ba77af3b202d29e85bdb8600194874648d54,0x45a01e4e04f14f7a4a6702c74187c5f6222033cd,,0,0,0,0.014319242,44.69994817,2816.26,Error(0),Reverted,Enter,
0xba11b32f8bd6e434067017e73b5269ece8e5abfca58d70c2d0d1202dc888edb5,14404984,1647532826,3/17/2022 16:00,0x52facc25e6e45fafcf420506e1d0f03028b7d6f7,0x45a01e4e04f14f7a4a6702c74187c5f6222033cd,,0,0,0,0.014005,43.71898835,2816.26,Error(0),Reverted,Enter,
0x8e458d8b67323a8d5b7178bd97f6542d4ba9005d0dd4248f96d94feffb6ebdc6,14404984,1647532826,3/17/2022 16:00,0x52facc25e6e45fafcf420506e1d0f03028b7d6f7,0x45a01e4e04f14f7a4a6702c74187c5f6222033cd,,0,0,0,0.014005,43.71898835,2816.26,Error(0),Reverted,Enter,
0x66f50676381fd06afb866bfb0772c56c839bc5eedc216961eb60c5fa546c9450,14404984,1647532826,3/17/2022 16:00,0x43e339fad7628fe1d42c10415adf0cf7ffe14078,0x45a01e4e04f14f7a4a6702c74187c5f6222033cd,,0,0,0,0.00315879,9.860699172,2816.26,Error(0),Reverted,Enter,
0x0f208936aeee46351f3081ce2e3a5c863c0665cb0663d8cbec8021fc855259f1,14404985,1647532829,3/17/2022 16:00,0x99d97bc0bfa452237c65b43e59fd0d9e7f2b3f0c,0x45a01e4e04f14f7a4a6702c74187c5f6222033cd,,0,0,0,0.499369642,1558.86723,2816.26,Error(0),Reverted,Enter,
0x53d4fae1bdaa34c9cd2f125b39e4afdb6686a80ab0d4fb5f8650821107c1efbb,14404985,1647532829,3/17/2022 16:00,0xb31c29857869ded63ebd4e322b865ea9d6858530,0x45a01e4e04f14f7a4a6702c74187c5f6222033cd,,0,0,0,0.428247384,1336.847011,2816.26,Error(0),Reverted,Enter,
0x2cb2183beb34c0ee201356cce4a6531fb899e00bc817433489bd7ca6527cdeaf,14404985,1647532829,3/17/2022 16:00,0x5d5c9283462ba781b9e83d794071a9d28921a6c3,0x45a01e4e04f14f7a4a6702c74187c5f6222033cd,,0,0,0,0.351798666,1098.199342,2816.26,Error(0),Reverted,Enter,
0x1e92065356e1242d153a2ea22e9e7bd26bdbdfd9582cbff18a2fc212ce146d9c,14404985,1647532829,3/17/2022 16:00,0x52facc25e6e45fafcf420506e1d0f03028b7d6f7,0x45a01e4e04f14f7a4a6702c74187c5f6222033cd,,0,0,0,0.014005,43.71898835,2816.26,Error(0),Reverted,Enter,
0x813a57b3ff300e9839e4ca66c62881cc2f0a224f96bcf633fb8af200ba36845a,14404985,1647532829,3/17/2022 16:00,0x52facc25e6e45fafcf420506e1d0f03028b7d6f7,0x45a01e4e04f14f7a4a6702c74187c5f6222033cd,,0,0,0,0.014005,43.71898835,2816.26,Error(0),Reverted,Enter,
0xbd19c97cda161e6d77ec020c035c590db673a14fab1084e6ebc701ee6147a1b6,14404985,1647532829,3/17/2022 16:00,0xe07f842e9562043d03c268bc5e5cfeccbad7d5eb,0x45a01e4e04f14f7a4a6702c74187c5f6222033cd,,0,0,0,0.003491012,10.89778644,2816.26,Error(0),Reverted,Enter,
0x3e809b9ff714433d08002312845065a967b7a8dfc8291be41a7fb60bb7e45df5,14404986,1647532834,3/17/2022 16:00,0x02499b7b592820c7889e9dbe15a15d314c811ce7,0x45a01e4e04f14f7a4a6702c74187c5f6222033cd,,0,0,0,0.003116255,9.727918287,2816.26,Error(0),Reverted,Enter,
0x0dd839c896bf15670eabd7973611c246628c82f720915f1b1ba5cf67f52f949e,14404986,1647532834,3/17/2022 16:00,0x6fdf44e4e578f44975d3de10505d9be5856ba6d0,0x45a01e4e04f14f7a4a6702c74187c5f6222033cd,,0,0,0,0.003102244,9.684180569,2816.26,Error(0),Reverted,Enter,
0xebb8604fc9e330e4ac6265aff74364fa13a8f646e2ede4a3bbbd217b9f8eee31,14404986,1647532834,3/17/2022 16:00,0xdc6603132638836edf97bf25ee4934b6d6716f88,0x45a01e4e04f14f7a4a6702c74187c5f6222033cd,,0,0,0,0.003100915,9.680033464,2816.26,Error(0),Reverted,Enter,
0x15d589e81892b67da658f8bcc473207b8ad394b48936b55c1de03cf08ea4bd91,14404986,1647532834,3/17/2022 16:00,0x62a545330cc01379d13d69402bdf75435f00e287,0x45a01e4e04f14f7a4a6702c74187c5f6222033cd,,0,0,0,0.003103572,9.688327674,2816.26,Error(0),Reverted,Enter,
0xd569556edfece0add1ab0c5d1f50ffbf5bfef30b69913a9667b0b296285484fe,14404986,1647532834,3/17/2022 16:00,0xfb6499362b3d1b875b9d2b53ff1d113602d2ea2a,0x45a01e4e04f14f7a4a6702c74187c5f6222033cd,,0,0,0,0.003102244,9.684180569,2816.26,Error(0),Reverted,Enter,
0x39576e7640875de7857ebcae64c8c6862677672fc920c8f1af090fa384a00076,14404986,1647532834,3/17/2022 16:00,0xcd271e1e5b6ec7e8fecb135acc92b5ed259e9fc5,0x45a01e4e04f14f7a4a6702c74187c5f6222033cd,,0,0,0,0.003102244,9.684180569,2816.26,Error(0),Reverted,Enter,
0x7e1ab484eb685535223cb9ce6773c965cda057bd10fdcbe186f857d51172ad15,14404986,1647532834,3/17/2022 16:00,0x39e99d18634e63df7867287e3059f39b6c6f428d,0x45a01e4e04f14f7a4a6702c74187c5f6222033cd,,0,0,0,0.003102244,9.684180569,2816.26,Error(0),Reverted,Enter,
0xcd088fda85285032fa8490daf02733f152d6ff7531d07bab483060303d88e933,14404986,1647532834,3/17/2022 16:00,0x35c9b0c077c55b8fc6d5e90294a351486b2558c3,0x45a01e4e04f14f7a4a6702c74187c5f6222033cd,,0,0,0,0.003100915,9.680033464,2816.26,Error(0),Reverted,Enter,
0x04faa5121ddd901ff3dc12bf26fc7dc391fe964c60b278cfd14cbd91c80b88cb,14404986,1647532834,3/17/2022 16:00,0x623b8c6f3cf81a87d8fc721a5ac150b70a1e6feb,0x45a01e4e04f14f7a4a6702c74187c5f6222033cd,,0,0,0,0.003102244,9.684180569,2816.26,Error(0),Reverted,Enter,
0xc4ee8457e0458ba02801c159fbf753016873f2f0ffaa47b376400154492b4045,14404986,1647532834,3/17/2022 16:00,0x92ff802fc913097c3df7fbee2f6a0282d7b04bc1,0x45a01e4e04f14f7a4a6702c74187c5f6222033cd,,0,0,0,0.003102244,9.684180569,2816.26,Error(0),Reverted,Enter,
0x68c3e64f37dd92104ba52683eda6de9ccecbc40413406a6d9301ff4448de996e,14404986,1647532834,3/17/2022 16:00,0x8d44460a87cfed2620e9fdfc8826072c1b82f2a4,0x45a01e4e04f14f7a4a6702c74187c5f6222033cd,,0,0,0,0.003100915,9.680033464,2816.26,Error(0),Reverted,Enter,
0x3962ef8c0ac51a6a5a6dc108efaf8dc317b5cfcb6f0792bb99f514dad79872c2,14404986,1647532834,3/17/2022 16:00,0x1ea1c052535d9f27f21bbde7a7dca8698dcd42a1,0x45a01e4e04f14f7a4a6702c74187c5f6222033cd,,0,0,0,0.003100915,9.680033464,2816.26,Error(0),Reverted,Enter,
0xb1297b30f606b8e7e33a2a4079943ae3a38b30b9c77b87becda9e4112a63a609,14404986,1647532834,3/17/2022 16:00,0x922aa3d12a3a3986edfed11f1bbc2d32777490eb,0x45a01e4e04f14f7a4a6702c74187c5f6222033cd,,0,0,0,0.003102244,9.684180569,2816.26,Error(0),Reverted,Enter,
0x5104efbe598f1e074b039f925648efebf9d73a47df67d8f0e8a1eb6dbf68a184,14404986,1647532834,3/17/2022 16:00,0x2f0424705ab89e72c6b9faebff6d4265f9d25fa2,0x45a01e4e04f14f7a4a6702c74187c5f6222033cd,,0,0,0,0.003100915,9.680033464,2816.26,Error(0),Reverted,Enter,
0x9c3c821dbad2f7b289a87929179402f4ad72d9acf81927a413d8ec4a53688717,14404986,1647532834,3/17/2022 16:00,0xfcf0d75f9923c4c92f15c3d5c097da654d54a61d,0x45a01e4e04f14f7a4a6702c74187c5f6222033cd,,0,0,0,0.003102244,9.684180569,2816.26,Error(0),Reverted,Enter,
0xbe1108ded2bbef69aaacebd7c53edcdbe6f73e812069cb52f298242d5c5c0a80,14404986,1647532834,3/17/2022 16:00,0x66a25f00eef27aa5e40eb4860f9e6d649522977f,0x45a01e4e04f14f7a4a6702c74187c5f6222033cd,,0,0,0,0.003102244,9.684180569,2816.26,Error(0),Reverted,Enter,
0x38c371bcf3c2068d1deee0c206129c98842afd22e2a24a94ef7dd5cf5610d5e6,14404986,1647532834,3/17/2022 16:00,0xebeffc9a440570accada52462ca302a7873b78fb,0x45a01e4e04f14f7a4a6702c74187c5f6222033cd,,0,0,0,0.003100915,9.680033464,2816.26,Error(0),Reverted,Enter,
0xce5e9e98d60c30d3abf5e39dcf1e8e2079eaae90e05209ffcc74a461c5018408,14404986,1647532834,3/17/2022 16:00,0x79e957eadcab74740f7dc63ef4cb0d1ec352f3b7,0x45a01e4e04f14f7a4a6702c74187c5f6222033cd,,0,0,0,0.003102244,9.684180569,2816.26,Error(0),Reverted,Enter,
0xb2092bef6e25064ac6d6c0dc1d54afd1e4437a71b1a4393c5b6bc6ee14a5c8b1,14404986,1647532834,3/17/2022 16:00,0xa83abb1b38992fef52e7feeabb609daad471d97f,0x45a01e4e04f14f7a4a6702c74187c5f6222033cd,,0,0,0,0.003100915,9.680033464,2816.26,Error(0),Reverted,Enter,
0xca59737fc3dfb9e1ef5e0228f85308dadfc635508dca17b1ab77d5d58fb76505,14404986,1647532834,3/17/2022 16:00,0xf7f231a0055e9ff3399ee059c1d495590f393248,0x45a01e4e04f14f7a4a6702c74187c5f6222033cd,,0,0,0,0.003103572,9.688327674,2816.26,Error(0),Reverted,Enter,
0x8dbcd17b1a61b5e1ca58872360cc510dd1f56b10a580c9fa9a779c517f58e9f7,14404987,1647532837,3/17/2022 16:00,0x99d97bc0bfa452237c65b43e59fd0d9e7f2b3f0c,0x45a01e4e04f14f7a4a6702c74187c5f6222033cd,,0,0,0,0.499369642,1558.86723,2816.26,Error(0),Reverted,Enter,
0xf84129850c5a6cc6f313b923f25098e53b1b4ebb1128e49855b2230c42f8fc6a,14404987,1647532837,3/17/2022 16:00,0xb31c29857869ded63ebd4e322b865ea9d6858530,0x45a01e4e04f14f7a4a6702c74187c5f6222033cd,,0,0,0,0.428247384,1336.847011,2816.26,Error(0),Reverted,Enter,
0x0c39f57f8c3953bd08745205a82fcd69ec77ae1e1d952f35d4c1ba73d63d48ea,14404987,1647532837,3/17/2022 16:00,0x3b96db08d6c5a77e2069aa3a5bbf43a640c1d41d,0x45a01e4e04f14f7a4a6702c74187c5f6222033cd,,0,0,0,0.42051,1312.693452,2816.26,Error(0),Reverted,Enter,
0x1ad332ed333537e78cb75115a32a148ac4a6ddcf66062c5f19941001389601f9,14404987,1647532837,3/17/2022 16:00,0x5d5c9283462ba781b9e83d794071a9d28921a6c3,0x45a01e4e04f14f7a4a6702c74187c5f6222033cd,,0,0,0,0.351798666,1098.199342,2816.26,Error(0),Reverted,Enter,
0x68036c6373dffd170b65902a9a7379e45825a05eea0649b3afcf61b70888003e,14404987,1647532837,3/17/2022 16:00,0x50b19771a43033eef4c87f86009f46e926fe64ec,0x45a01e4e04f14f7a4a6702c74187c5f6222033cd,,0,0,0,0.28046,875.5035682,2816.26,Error(0),Reverted,Enter,
0x9edd211147b0749a69620a54de6685a45a8f9ba34d8e3b46fbac868127552880,14404987,1647532837,3/17/2022 16:00,0xe5349f91c59f04b7990ff06d20b7dfd2e7ba75c4,0x45a01e4e04f14f7a4a6702c74187c5f6222033cd,,0,0,0,0.14290023,446.0873623,2816.26,Error(0),Reverted,Enter,
0x518f8f54f0e9271638fa1470aae26f5beef4ba49b3753db10a56dfcb37deb148,14404987,1647532837,3/17/2022 16:00,0xebed2200b9ad455fec52650d00ab86fc2858fde4,0x45a01e4e04f14f7a4a6702c74187c5f6222033cd,,0,0,0,0.084102,262.5386903,2816.26,Error(0),Reverted,Enter,
0x5dfcab9277be9df202cdc5c4349b0f8fc6474f83a65b1bb385a52378a8844ff5,14404987,1647532837,3/17/2022 16:00,0x52facc25e6e45fafcf420506e1d0f03028b7d6f7,0x45a01e4e04f14f7a4a6702c74187c5f6222033cd,,0,0,0,0.014005,43.71898835,2816.26,Error(0),Reverted,Enter,
0x741a1386566aa57e801498ccd9da9c11ddf54fb39b3156aee6fcd69e6ed2cc01,14404987,1647532837,3/17/2022 16:00,0x4725eb88739b83d141cae12aa6ae71e7e68d411c,0x45a01e4e04f14f7a4a6702c74187c5f6222033cd,,0,0,0,0.00335067,10.4596873,2816.26,Error(0),Reverted,Enter,
0xc15bb77e0fa04b87810809e84123bded6a0999cd83300b76b8b452eca870fc10,14404987,1647532837,3/17/2022 16:00,0x949d5a8176df54f2fe93c0ea0316cd524b9cae01,0x45a01e4e04f14f7a4a6702c74187c5f6222033cd,,0,0,0,0.002846274,8.885129437,2816.26,Error(0),Reverted,Enter,
0x1ddf8b29cf99033086be8c0780a0f08d5fb55a7f48d1ac4858dc246a4cc7da53,14404987,1647532837,3/17/2022 16:00,0xbd17dc58175f03c9370dc3fecac91157d333eb32,0x45a01e4e04f14f7a4a6702c74187c5f6222033cd,,0,0,0,0.002846274,8.885129437,2816.26,Error(0),Reverted,Enter,
0x09cfd8cb0379acbce0a4b91ee593a27b02d0fc6dede6ef689f0c3215cec1510f,14404987,1647532837,3/17/2022 16:00,0x240df0da944c11428eb9f8ad197cc211fd8d82ef,0x45a01e4e04f14f7a4a6702c74187c5f6222033cd,,0,0,0,0.002846274,8.885129437,2816.26,Error(0),Reverted,Enter,
0xac28dce766a42e7ea94f17b8aa540b73e1b04d0f18b4608391ef94c1806ab286,14404987,1647532837,3/17/2022 16:00,0x40ab859ba825699c59f566eee0c1bd093bc2b5db,0x45a01e4e04f14f7a4a6702c74187c5f6222033cd,,0,0,0,0.002847493,8.88893436,2816.26,Error(0),Reverted,Enter,
0x2874771321ed3e0b08f7210d7c76c549962cfb36a67c6e2ed09234815435189a,14404987,1647532837,3/17/2022 16:00,0xf7476db5b717ac661c027e684456115ab1e728c3,0x45a01e4e04f14f7a4a6702c74187c5f6222033cd,,0,0,0,0.002846274,8.885129437,2816.26,Error(0),Reverted,Enter,
0x5639442250e2296b19dc4a92ae46e31c0210b061ddaed6f60db7bededb484d08,14404987,1647532837,3/17/2022 16:00,0x2458d812017ca0e246a3236df55d99eec6e80197,0x45a01e4e04f14f7a4a6702c74187c5f6222033cd,,0,0,0,0.002846274,8.885129437,2816.26,Error(0),Reverted,Enter,
0xdca03600417f61c139ed4d103ebab805d7d7487b74d9a94f26b31737c9a868f1,14404987,1647532837,3/17/2022 16:00,0xf125c50b31e538964821c42214afa4724f195928,0x45a01e4e04f14f7a4a6702c74187c5f6222033cd,,0,0,0,0.002845056,8.881324514,2816.26,Error(0),Reverted,Enter,
0x057abfd07689d7c701d3cfd9e6517500ddd7e8e24c2ccb8c8775a4987f431f41,14404987,1647532837,3/17/2022 16:00,0xee650f5599bd48f27b29b254a4c45322a755c6b4,0x45a01e4e04f14f7a4a6702c74187c5f6222033cd,,0,0,0,0.002845056,8.881324514,2816.26,Error(0),Reverted,Enter,
0x55f448fcd9037110a6babf390e4999aeb7e1c9406ad3dcae2be196038d41ebf1,14404987,1647532837,3/17/2022 16:00,0x87165eb4dcab822aff686c5fa8ecf36392aebfe2,0x45a01e4e04f14f7a4a6702c74187c5f6222033cd,,0,0,0,0.002831051,8.837605526,2816.26,Error(0),Reverted,Enter,
0xefac5fbfa125d348f4f5f42026e0cddf30834b4e92097f5248dd9574c8ea0599,14404987,1647532837,3/17/2022 16:00,0x00000000cc0b822819f03424dacf9077fdaa58a3,0x45a01e4e04f14f7a4a6702c74187c5f6222033cd,,0,0,0,0.002832263,8.841391719,2816.26,Error(0),Reverted,Enter,
0xd6d4069e12ae31cf881e7ed23eff7dc3e46f55a60cef723a2f669f3aac34e7c8,14404987,1647532837,3/17/2022 16:00,0xa0266fff539ca623ef746ed084e379012c18b1dd,0x45a01e4e04f14f7a4a6702c74187c5f6222033cd,,0,0,0,0.002832263,8.841391719,2816.26,Error(0),Reverted,Enter,
0x7f170d1035ff759b265980b557e9581fe4be03683bf2012b27e66e15a37b028b,14404987,1647532837,3/17/2022 16:00,0xdce2cfd122891666b27f05e0f0fc59eac6b8c4b5,0x45a01e4e04f14f7a4a6702c74187c5f6222033cd,,0,0,0,0.002832263,8.841391719,2816.26,Error(0),Reverted,Enter,
0x9a948db7676efb52a3abce26a1fa8159bd0e36f56a31cb8ff4e24ecef4f68ed1,14404987,1647532837,3/17/2022 16:00,0xc540b6748f64547e213f8e4dbe84f23da416794c,0x45a01e4e04f14f7a4a6702c74187c5f6222033cd,,0,0,0,0.002832263,8.841391719,2816.26,Error(0),Reverted,Enter,
0xacfe98c167323b2289ba1d656b83b85027ab796ebb428ac9c786f8e5eceef5f6,14404987,1647532837,3/17/2022 16:00,0xe070e13c4af740a93109715b0c7c2ba7c30c4ef2,0x45a01e4e04f14f7a4a6702c74187c5f6222033cd,,0,0,0,0.002832263,8.841391719,2816.26,Error(0),Reverted,Enter,
0xe7eabeb7e42dea13b4bb9893a0128e15c775efd92b211a2f38c3637f7d26cc7c,14404987,1647532837,3/17/2022 16:00,0xd0d289dae2bd66ddc6dbd32f1537426bf71141a0,0x45a01e4e04f14f7a4a6702c74187c5f6222033cd,,0,0,0,0.002832263,8.841391719,2816.26,Error(0),Reverted,Enter,
0x936aa16fa1e6a60d1866d2ee931879c643a6367b9415f1c7dae13c88496a7a94,14404987,1647532837,3/17/2022 16:00,0x6c090c85d031b43d7c01d3ccba2560dd091efcfe,0x45a01e4e04f14f7a4a6702c74187c5f6222033cd,,0,0,0,0.002833476,8.845177912,2816.26,Error(0),Reverted,Enter,
0x514d48abba1e697a9f7c52e2965df6f279cfa1017e03bdc7686afbf9fcb5dc36,14404987,1647532837,3/17/2022 16:00,0xb28e2d5602280c42641471fae46e8def9458ae60,0x45a01e4e04f14f7a4a6702c74187c5f6222033cd,,0,0,0,0.002833476,8.845177912,2816.26,Error(0),Reverted,Enter,
0x5fdaafb8f1d00e277bb98830a258959d1336a39dde1d4130624512f701c8503a,14404987,1647532837,3/17/2022 16:00,0xbd123a42634cbd87396ed03629fbcddc9f11d7bb,0x45a01e4e04f14f7a4a6702c74187c5f6222033cd,,0,0,0,0.002832263,8.841391719,2816.26,Error(0),Reverted,Enter,
0xf38958043d8ffa264f65a6dfa96049ca102635f8302e9b56204b0998440d5deb,14404987,1647532837,3/17/2022 16:00,0x99906884656b7969dfa2f7a3a2936f9404b733ba,0x45a01e4e04f14f7a4a6702c74187c5f6222033cd,,0,0,0,0.002832263,8.841391719,2816.26,Error(0),Reverted,Enter,
0x7583beae57f7a91ec2eeff3ebffd53c7f0ed477b2f72e417862cd2414c42db88,14404987,1647532837,3/17/2022 16:00,0xd17c13f3d9a7c52b2a9801dd398f6629c773642d,0x45a01e4e04f14f7a4a6702c74187c5f6222033cd,,0,0,0,0.002832263,8.841391719,2816.26,Error(0),Reverted,Enter,
0x31ca77f29d236dead0afcbff57fd27b483684eb359073983d0b1e76247d8ce2a,14404987,1647532837,3/17/2022 16:00,0xf871f40dc68676ea4307db33ea2ef4fc28764b9e,0x45a01e4e04f14f7a4a6702c74187c5f6222033cd,,0,0,0,0.002831051,8.837605526,2816.26,Error(0),Reverted,Enter,
0x39af93a7df05e61589eed2ac693b88d5a9c6d0c520ec5cb3be4ae3d29a75ca7c,14404987,1647532837,3/17/2022 16:00,0x337be27381af5ee40690426d5fcd44a30560082c,0x45a01e4e04f14f7a4a6702c74187c5f6222033cd,,0,0,0,0.002832263,8.841391719,2816.26,Error(0),Reverted,Enter,
0x1c49aeab316201c7094f2fc414c077802d735b3efa905c4414c74b1ce43601bb,14404987,1647532837,3/17/2022 16:00,0xe55c9840eb6ba1c75160ed611e3c72bc438dca54,0x45a01e4e04f14f7a4a6702c74187c5f6222033cd,,0,0,0,0.002832263,8.841391719,2816.26,Error(0),Reverted,Enter,
0xdd9594075970fe8a017f954603feecf6f48ab35d3b2ce220077203ecb3ac95c5,14404987,1647532837,3/17/2022 16:00,0xd30f2888e7928b52ea5bf4cb1d323e0531afe272,0x45a01e4e04f14f7a4a6702c74187c5f6222033cd,,0,0,0,0.002832263,8.841391719,2816.26,Error(0),Reverted,Enter,
0xd6b1e0abf9a5cef013e3a8f3885d2aa54d0018876166f863c0160bf83161a068,14404987,1647532837,3/17/2022 16:00,0x89bc6931eb29d099a409e6a9a4ac611575749007,0x45a01e4e04f14f7a4a6702c74187c5f6222033cd,,0,0,0,0.002831051,8.837605526,2816.26,Error(0),Reverted,Enter,
0x10a79a1708a8f62012144d52bce721004d3969e4460b8b06b9350805ddbd4fc0,14404987,1647532837,3/17/2022 16:00,0xefa067e2c049b90cc5bcc01a2c854f1d0cfa7ecd,0x45a01e4e04f14f7a4a6702c74187c5f6222033cd,,0,0,0,0.002832263,8.841391719,2816.26,Error(0),Reverted,Enter,
0xe100bf7fea9abce6f3a36068060061fe5cd230faa89b2f1a6371843141b72413,14404987,1647532837,3/17/2022 16:00,0x1e17a75616cd74f5846b1b71622aa8e10ea26cc0,0x45a01e4e04f14f7a4a6702c74187c5f6222033cd,,0,0,0,0.002833476,8.845177912,2816.26,Error(0),Reverted,Enter,
0x9dd5e8ff21b3c93fcd08a67790fbd58fbc1686370c7f016d21643f374d35dd2e,14404987,1647532837,3/17/2022 16:00,0xa5c515d8e2ff6b54de12c5fa5f0bb64d341b7f56,0x45a01e4e04f14f7a4a6702c74187c5f6222033cd,,0,0,0,0.002831051,8.837605526,2816.26,Error(0),Reverted,Enter,
0xb617bfa9352166c39e15a4644656e9d481a37bfa4eef4d9aa01c87a7be0c5113,14404987,1647532837,3/17/2022 16:00,0x72ca5579a2112acdbfe3e3814de086355cdbd38d,0x45a01e4e04f14f7a4a6702c74187c5f6222033cd,,0,0,0,0.002831051,8.837605526,2816.26,Error(0),Reverted,Enter,
0xe08e7f5d4029f200ab649d51aa0db70608970fdd91406a87abab6d0f4fbd873a,14404987,1647532837,3/17/2022 16:00,0xebc665ca518203db60203d10979ed1ebc30f190f,0x45a01e4e04f14f7a4a6702c74187c5f6222033cd,,0,0,0,0.002831051,8.837605526,2816.26,Error(0),Reverted,Enter,
0x59f4dc771254de0cf0f065f7f81915eefdfefd460a236661d799fb249df65b1b,14404987,1647532837,3/17/2022 16:00,0x1206bce3df18bb08033ffc1ceecc36ead0c3f1d9,0x45a01e4e04f14f7a4a6702c74187c5f6222033cd,,0,0,0,0.002832263,8.841391719,2816.26,Error(0),Reverted,Enter,
0xa3e2bd0b62e316d4d8559680f12bf2c5afa1287e25dbb3911dec709e5fc98654,14404987,1647532837,3/17/2022 16:00,0xd423b5598f2ed21a91cb79ea945c3c10836bc659,0x45a01e4e04f14f7a4a6702c74187c5f6222033cd,,0,0,0,0.002832263,8.841391719,2816.26,Error(0),Reverted,Enter,
0x6e972eb7a3ad2fcd17caf5c04c375e3b9e09c3192b38030f0efa6d7eee29b96d,14404987,1647532837,3/17/2022 16:00,0xc20aed006c782fdc6da0da1d85ea17df3c18b254,0x45a01e4e04f14f7a4a6702c74187c5f6222033cd,,0,0,0,0.002832263,8.841391719,2816.26,Error(0),Reverted,Enter,
0xc393cfe9528587242042b3fa85bce5774842a082915db3cc0050dc45c052b100,14404987,1647532837,3/17/2022 16:00,0x1f8c6c967d1f119275ba6760fe32514dee52b6d1,0x45a01e4e04f14f7a4a6702c74187c5f6222033cd,,0,0,0,0.002831051,8.837605526,2816.26,Error(0),Reverted,Enter,
0x879d5b232c56d72fde7493ae27a91a8513c9a86a7baf03a45ba32de5ae1ac9d3,14404987,1647532837,3/17/2022 16:00,0xc27e8ca2f93075bf8abac5c17713912b1938b64b,0x45a01e4e04f14f7a4a6702c74187c5f6222033cd,,0,0,0,0.002833476,8.845177912,2816.26,Error(0),Reverted,Enter,
0x4feec56c85002b0141c799d6fbf518d53c4cad53340b8deda97162d636c830b8,14404987,1647532837,3/17/2022 16:00,0x19615deda24af940a6509b64c16fd6baba9aa42a,0x45a01e4e04f14f7a4a6702c74187c5f6222033cd,,0,0,0,0.002832263,8.841391719,2816.26,Error(0),Reverted,Enter,
0x219403d2aab30d7a9c5d162db2de3bf8d04eee7188bd39b43dfb3667875ff45a,14404987,1647532837,3/17/2022 16:00,0xfa17d19c07b6986aad4594663e0558613e9fc280,0x45a01e4e04f14f7a4a6702c74187c5f6222033cd,,0,0,0,0.002831051,8.837605526,2816.26,Error(0),Reverted,Enter,
0xab834b83eb7b1306d3706d4bbb4ba355437c2b9059ba0677da1df44046c280df,14404987,1647532837,3/17/2022 16:00,0xce360423ceb49c4c93a70ee7f2d35c2d16d18e07,0x45a01e4e04f14f7a4a6702c74187c5f6222033cd,,0,0,0,0.002832263,8.841391719,2816.26,Error(0),Reverted,Enter,
0x1b85476590f58fe1a090bd0f9088e5dbf24bf15c2810803d232fc1077d387d2b,14404987,1647532837,3/17/2022 16:00,0xbcc3c4a48ffa95e9593d8d5e7ff02ef3cd8f28d4,0x45a01e4e04f14f7a4a6702c74187c5f6222033cd,,0,0,0,0.002833476,8.845177912,2816.26,Error(0),Reverted,Enter,
0x69fd16077bdc2a91a6d38b63110ea25208669e3c9cf34baccada0b1273f4c92c,14404987,1647532837,3/17/2022 16:00,0xda25824ee511fd8cbfce7dc8b316820418a34a10,0x45a01e4e04f14f7a4a6702c74187c5f6222033cd,,0,0,0,0.002832263,8.841391719,2816.26,Error(0),Reverted,Enter,
0x411c6e685dedeb6b741569f7dd578a911b5e8caf8a87bb09ca0dab93415d9573,14404987,1647532837,3/17/2022 16:00,0xa996fedd45811996e59e1262a2a2ff4db234aed7,0x45a01e4e04f14f7a4a6702c74187c5f6222033cd,,0,0,0,0.002831051,8.837605526,2816.26,Error(0),Reverted,Enter,
0x2eb93124743cd38267c56a37b2c007d18fc15b6dd08114474694862af2ff7753,14404987,1647532837,3/17/2022 16:00,0x920fd73da71e13921c7839bdb619d0180e4f7da0,0x45a01e4e04f14f7a4a6702c74187c5f6222033cd,,0,0,0,0.002832263,8.841391719,2816.26,Error(0),Reverted,Enter,
0x2b94cd60f99452896d6aafc4dd50f0fed952c3a76b4ac9c71e00248ead6f11ad,14404987,1647532837,3/17/2022 16:00,0x8524e253efbf7006c04cc03a597d05275ed81a0e,0x45a01e4e04f14f7a4a6702c74187c5f6222033cd,,0,0,0,0.002832263,8.841391719,2816.26,Error(0),Reverted,Enter,
0x8e5f6ae9c9587ae91bf13f6107f64857fd02f576445cc656a03d11da7ed2ae07,14404987,1647532837,3/17/2022 16:00,0xc101fd2baa5298e3683a18a30905c6b2e6039a9d,0x45a01e4e04f14f7a4a6702c74187c5f6222033cd,,0,0,0,0.002831051,8.837605526,2816.26,Error(0),Reverted,Enter,
0x5d90ecff64ba8d33ad490ce40140a12817eeb3434a9e9b8fd1d712b8cde7449d,14404987,1647532837,3/17/2022 16:00,0xf2c2c36411de2eedf8f18b64283a2c9803f8937b,0x45a01e4e04f14f7a4a6702c74187c5f6222033cd,,0,0,0,0.002831051,8.837605526,2816.26,Error(0),Reverted,Enter,
0x58acfb12f6a6f6b54210894aa172de8b07cd27992e84b4ea8b0afb909e079801,14404987,1647532837,3/17/2022 16:00,0x3fad870106cbff5ee97f92eace6293b238054ece,0x45a01e4e04f14f7a4a6702c74187c5f6222033cd,,0,0,0,0.002832263,8.841391719,2816.26,Error(0),Reverted,Enter,
0x175d0539fa74c16c9768afe9e1ae130f575b0fa4b66518137a42918ebd24b882,14404987,1647532837,3/17/2022 16:00,0xc09647742d1052820756ef9bb749cbbdc139a7c8,0x45a01e4e04f14f7a4a6702c74187c5f6222033cd,,0,0,0,0.002831051,8.837605526,2816.26,Error(0),Reverted,Enter,
0x55bca3a458aceac02fc9d1ef296ed5d912fc336acd2d4d11516511b9e65e3f4c,14404987,1647532837,3/17/2022 16:00,0x313acece2b6ae4e65259b7c76f34e60512cfb95b,0x45a01e4e04f14f7a4a6702c74187c5f6222033cd,,0,0,0,0.002832263,8.841391719,2816.26,Error(0),Reverted,Enter,
0x973bebb6e594fc0d74fee8f4416cde7aba0826bae9a6a0466499469da6a40f7d,14404987,1647532837,3/17/2022 16:00,0xec7710b43caf145805e66a1ea07dab954a2c20be,0x45a01e4e04f14f7a4a6702c74187c5f6222033cd,,0,0,0,0.002831051,8.837605526,2816.26,Error(0),Reverted,Enter,
0xba3d553ed41511b6a08c5226d49c6e2c3b65a91eb61161af4a7ee342577f709e,14404987,1647532837,3/17/2022 16:00,0x5af951b37779b8f2621443e36b56234159cf757f,0x45a01e4e04f14f7a4a6702c74187c5f6222033cd,,0,0,0,0.002832263,8.841391719,2816.26,Error(0),Reverted,Enter,
0x98afe0dd83ad58c236348ca8425b3f06db6c3e9f5e177326ca08a2d6d16d8c3e,14404987,1647532837,3/17/2022 16:00,0xfbb3a85603c398ff22435dd40873ec190134e1f6,0x45a01e4e04f14f7a4a6702c74187c5f6222033cd,,0,0,0,0.002833476,8.845177912,2816.26,Error(0),Reverted,Enter,
0xa6f166202b31eb2251d93f2ce549dae60ee7f0e6e0ee1433ae0089bd0bc4d065,14404987,1647532837,3/17/2022 16:00,0x2862b15f218440730bcbeeed8649dee053431939,0x45a01e4e04f14f7a4a6702c74187c5f6222033cd,,0,0,0,0.002832263,8.841391719,2816.26,Error(0),Reverted,Enter,
0x6942ec38cef408b8d5e6c7eb500ae56ed9b542275a492f2b7038c46299aede34,14404987,1647532837,3/17/2022 16:00,0x915c4580dffd112db25a6cf06c76cdd9009637b7,0x45a01e4e04f14f7a4a6702c74187c5f6222033cd,,0,0,0,0.002832263,8.841391719,2816.26,Error(0),Reverted,Enter,
0xa6a5f333d452f8bea5931135e2b792b8ea54b66fdc27b7dbb0f4dcf3b74b911d,14404988,1647532842,3/17/2022 16:00,0x52facc25e6e45fafcf420506e1d0f03028b7d6f7,0x45a01e4e04f14f7a4a6702c74187c5f6222033cd,,0,0,0,0.014005,43.71898835,2816.26,Error(0),Reverted,Enter,
0x896918f44876f0cc0dd7c789bd20ca34380ecdd5f8e94a4ff52cd215597a9c77,14404988,1647532842,3/17/2022 16:00,0x52facc25e6e45fafcf420506e1d0f03028b7d6f7,0x45a01e4e04f14f7a4a6702c74187c5f6222033cd,,0,0,0,0.014005,43.71898835,2816.26,Error(0),Reverted,Enter,
0x57d374ff1554b54b2483085207e1d18de630bda3712d786f9836fe63bfcaa87c,14404988,1647532842,3/17/2022 16:00,0x52facc25e6e45fafcf420506e1d0f03028b7d6f7,0x45a01e4e04f14f7a4a6702c74187c5f6222033cd,,0,0,0,0.014005,43.71898835,2816.26,Error(0),Reverted,Enter,
0xb8fe8fc487dbbf2db79cc1e06a5639221abe0a00c3c6529493f3cfa3334fc161,14404988,1647532842,3/17/2022 16:00,0x52facc25e6e45fafcf420506e1d0f03028b7d6f7,0x45a01e4e04f14f7a4a6702c74187c5f6222033cd,,0,0,0,0.014005,43.71898835,2816.26,Error(0),Reverted,Enter,
0xf453abc86cd626e5cf34db9aa95f424ee6e9a4d4bb2a6554b56d9d91c8b30504,14404988,1647532842,3/17/2022 16:00,0x52facc25e6e45fafcf420506e1d0f03028b7d6f7,0x45a01e4e04f14f7a4a6702c74187c5f6222033cd,,0,0,0,0.014005,43.71898835,2816.26,Error(0),Reverted,Enter,
0x556365ccc21d57db3c45ac1a3afcb6dac7c44443239b6040d61f6a46b033ff77,14404988,1647532842,3/17/2022 16:00,0x77786ef7c9bda9863c42edf173357fe19178a9db,0x45a01e4e04f14f7a4a6702c74187c5f6222033cd,,0,0,0,0.011203489,34.97359447,2816.26,Error(0),Reverted,Enter,
0xc0ec23db2faf34b981fd0aa071f9438cf20e1fada056d5cd0085bf9d713ac72b,14404988,1647532842,3/17/2022 16:00,0x33ebb62dc9ddbf6b8f3c0efdf5bccc2e7ac60211,0x45a01e4e04f14f7a4a6702c74187c5f6222033cd,,0,0,0,0.005601486,17.48599203,2816.26,Error(0),Reverted,Enter,
0x9e0eb87b252dd974bdb5ff95edc27ef053184fb8261e385bd930368630646174,14404988,1647532842,3/17/2022 16:00,0xeb08b05facf935b7bb38751026587081a0be5ef1,0x45a01e4e04f14f7a4a6702c74187c5f6222033cd,,0,0,0,0.004057184,12.66518908,2816.26,Error(0),Reverted,Enter,
0x2db273f402f10611b18253b08d1d7e38da8644240a964031887a3a1e466d4948,14404988,1647532842,3/17/2022 16:00,0xde45900762a3b139c2890f2e2d34baa5ad892c94,0x45a01e4e04f14f7a4a6702c74187c5f6222033cd,,0,0,0,0.003917769,12.22998091,2816.26,Error(0),Reverted,Enter,
0xcb52aa61542c3799fb59829a4ad060119713a777fc3756a3126f59d947455991,14404988,1647532842,3/17/2022 16:00,0x50b19771a43033eef4c87f86009f46e926fe64ec,0x45a01e4e04f14f7a4a6702c74187c5f6222033cd,,0,0,0,0.003440053,10.73871047,2816.26,Error(0),Reverted,Enter,
0x9f01641d223e97fdffc90378aeb858407582b8d919bd54273c72fdcbbc71fe56,14404988,1647532842,3/17/2022 16:00,0xbaa32387bd55553ec806622d524b12bbb8242a19,0x45a01e4e04f14f7a4a6702c74187c5f6222033cd,,0,0,0,0.003357329,10.48047218,2816.26,Error(0),Reverted,Enter,
0x6ff0716c1a0b5e9448f3f6f92b6b94e3763b6bdeae3972402695df24efa855e1,14404988,1647532842,3/17/2022 16:00,0xa55e8f346a2e48045f0418aae297aae166f614ce,0x45a01e4e04f14f7a4a6702c74187c5f6222033cd,,0,0,0,0.003245241,10.13057043,2816.26,Error(0),Reverted,Enter,
0x056a842e20d8dd684685d37c6db57fc3de75a98af810b0522bf633aa0cc620d3,14404988,1647532842,3/17/2022 16:00,0x216057b78707be859892673bbaa87750bda6d16e,0x45a01e4e04f14f7a4a6702c74187c5f6222033cd,,0,0,0,0.002859761,8.927230722,2816.26,Error(0),Reverted,Enter,
0xc52f88b351c798085941d578adf57eef26330c2ccd898ab8747765a996f9007f,14404988,1647532842,3/17/2022 16:00,0xb66d784470e4769fd099c7e1f1f60549afcea721,0x45a01e4e04f14f7a4a6702c74187c5f6222033cd,,0,0,0,0.002851711,8.902100495,2816.26,Error(0),Reverted,Enter,
0x22cabc4b2e49bac8aa58202d228e409d6b477d5f4b957d8574412035d0ffb879,14404988,1647532842,3/17/2022 16:00,0x97abfaef4289e40d4f5dc9bcaac617496fc514c7,0x45a01e4e04f14f7a4a6702c74187c5f6222033cd,,0,0,0,0.002852933,8.905914319,2816.26,Error(0),Reverted,Enter,
0x849935b569875c82c7bb363781dbcec74f8e457c3402bc9a1043f142207e63d8,14404988,1647532842,3/17/2022 16:00,0x32519a4e46fe578d06064c2183dd7bcd633d24a9,0x45a01e4e04f14f7a4a6702c74187c5f6222033cd,,0,0,0,0.002851711,8.902100495,2816.26,Error(0),Reverted,Enter,
0x0b0c17e49414f8787f3f2c922a7e4b7be578d021486836e733dfd91917ee86a7,14404988,1647532842,3/17/2022 16:00,0xf337436c3c13f5631739e6aff46ab4efe7fd1cc6,0x45a01e4e04f14f7a4a6702c74187c5f6222033cd,,0,0,0,0.002852933,8.905914319,2816.26,Error(0),Reverted,Enter,
0x7a45ebd969ae9e83c74ac249475d94fc057eca2c74521e77648de4c7c637bb61,14404988,1647532842,3/17/2022 16:00,0x37201d5f726f5bc428062abc7f701fa386c881ce,0x45a01e4e04f14f7a4a6702c74187c5f6222033cd,,0,0,0,0.002852933,8.905914319,2816.26,Error(0),Reverted,Enter,
0xc90821692f3e9328c099d138c24c45372a5281dfe2e25715096a764687bc46c7,14404988,1647532842,3/17/2022 16:00,0xfe407097e296c521c2beaa5e4e61a9b91bbe0d61,0x45a01e4e04f14f7a4a6702c74187c5f6222033cd,,0,0,0,0.002852933,8.905914319,2816.26,Error(0),Reverted,Enter,
0xc2bd7d0bd53a2372bf43a1f23076e5a2f42f7d8cee9b70b4cae2d7701c99be7e,14404988,1647532842,3/17/2022 16:00,0x02009370ff755704e9acbd96042c1ab832d6067e,0x45a01e4e04f14f7a4a6702c74187c5f6222033cd,,0,0,0,0.002838922,8.8621766,2816.26,Error(0),Reverted,Enter,
0x04bc60ec3584983f852faee1c8b61a57d7d7e104ee81dc473d1522cb6dab5687,14404988,1647532842,3/17/2022 16:00,0xbebd693766d0e38d7421ff300238db493919c7a1,0x45a01e4e04f14f7a4a6702c74187c5f6222033cd,,0,0,0,0.002838922,8.8621766,2816.26,Error(0),Reverted,Enter,
0xbd260caa681df574c224d659633d97c8994dc2434a3c234c402b6aaba8febdee,14404988,1647532842,3/17/2022 16:00,0x3ea87d75974a8296a35396d623f6b3294ebdabf8,0x45a01e4e04f14f7a4a6702c74187c5f6222033cd,,0,0,0,0.002838922,8.8621766,2816.26,Error(0),Reverted,Enter,
0xf3f00ef61a7df5d8b207564f1e07d3d38815176547f8c69804bafc08ee4fb4e7,14404988,1647532842,3/17/2022 16:00,0x73c91af57c657dfd05a31daca7bff1aeb5754629,0x45a01e4e04f14f7a4a6702c74187c5f6222033cd,,0,0,0,0.002838922,8.8621766,2816.26,Error(0),Reverted,Enter,
0x153ee07ff18fdaa6044ceb31e9cff7f0e7ec7e1d5d75618c93e372b95be4b162,14404988,1647532842,3/17/2022 16:00,0xbb509ae64926324c9ac134c1326d9724308a8a54,0x45a01e4e04f14f7a4a6702c74187c5f6222033cd,,0,0,0,0.002837706,8.858381507,2816.26,Error(0),Reverted,Enter,
0x04fa6032d0caa16e5228e9cf8c040c49ce3d4c2a24ec0679f07e26263df728ab,14404988,1647532842,3/17/2022 16:00,0x605c35d7ca49afca3d9a5bbb3c4bc0dac30d32b0,0x45a01e4e04f14f7a4a6702c74187c5f6222033cd,,0,0,0,0.002837706,8.858381507,2816.26,Error(0),Reverted,Enter,
0xae0cc2564b447001492c2957f8ae25bb3d59de450d60d71b1c46e7821fa64397,14404988,1647532842,3/17/2022 16:00,0x963be3dfa436312754fe7f52f25991724f552324,0x45a01e4e04f14f7a4a6702c74187c5f6222033cd,,0,0,0,0.002838922,8.8621766,2816.26,Error(0),Reverted,Enter,
0x35dc8aae9525de98c5d3bbb6ff88f6ddf70591829c060b263850faa7016d9379,14404988,1647532842,3/17/2022 16:00,0x362bdc11c8cdd0985f20da29ea7f1141a49e35f0,0x45a01e4e04f14f7a4a6702c74187c5f6222033cd,,0,0,0,0.002837706,8.858381507,2816.26,Error(0),Reverted,Enter,
0x7768f8019d0ecb8e9f059a2a2497a207d4b65bc44c4e3c28059370f7449609f0,14404988,1647532842,3/17/2022 16:00,0xa44d350ed730eccfcb9d44579f79bbc4410c6479,0x45a01e4e04f14f7a4a6702c74187c5f6222033cd,,0,0,0,0.002838922,8.8621766,2816.26,Error(0),Reverted,Enter,
0x6f30706d27a666f83a555b1a4e3028a2c8100d3a5b0ae3088ab314b5de19b858,14404988,1647532842,3/17/2022 16:00,0xe778f8b38d50a9aaa115d03b620f9814b5feb637,0x45a01e4e04f14f7a4a6702c74187c5f6222033cd,,0,0,0,0.002840137,8.865971694,2816.26,Error(0),Reverted,Enter,
0x3ff83afe62df99c1db75e69a542785ad651efb79ca93274ff7dc1bdc3a16c1ba,14404988,1647532842,3/17/2022 16:00,0x08b6da6b5e57751b44c7415b98b14c0c9f755343,0x45a01e4e04f14f7a4a6702c74187c5f6222033cd,,0,0,0,0.002840137,8.865971694,2816.26,Error(0),Reverted,Enter,
0x2b0334d7e8021ae9f58e63acbcc397adc43f1f27a05092460db9825efe788bf6,14404988,1647532842,3/17/2022 16:00,0xfb3601ce2483506b90bed311d58a4c4bb74b23e2,0x45a01e4e04f14f7a4a6702c74187c5f6222033cd,,0,0,0,0.002838922,8.8621766,2816.26,Error(0),Reverted,Enter,
0x09633853bc52fe6417c00b22f0e4a63a9adee416af186393ea920890cd5cd5d0,14404988,1647532842,3/17/2022 16:00,0x492af9a0b99fed66dce727bb96ad133db83cdaf6,0x45a01e4e04f14f7a4a6702c74187c5f6222033cd,,0,0,0,0.002838922,8.8621766,2816.26,Error(0),Reverted,Enter,
0x111c14df72df80891a9ab68468a7ea0310dba72c8a28249862d894812e97cd6f,14404988,1647532842,3/17/2022 16:00,0x4064023610a479f9a0415ee98f87895a0e2e0884,0x45a01e4e04f14f7a4a6702c74187c5f6222033cd,,0,0,0,0.002838922,8.8621766,2816.26,Error(0),Reverted,Enter,
0x16bface0912a8daa6b072418a970f2d75604d018e05837859955374d0ee0078e,14404988,1647532842,3/17/2022 16:00,0xff6d6ae87b6431564737834bf733a13af4b734f4,0x45a01e4e04f14f7a4a6702c74187c5f6222033cd,,0,0,0,0.002838922,8.8621766,2816.26,Error(0),Reverted,Enter,
0x3915b9804cc1a7bac886d10940f93537923bcda131aba48655e23086b48e5328,14404988,1647532842,3/17/2022 16:00,0xe126d84a1c2018b5f5ff821c1539eb8c53f27bf2,0x45a01e4e04f14f7a4a6702c74187c5f6222033cd,,0,0,0,0.002837706,8.858381507,2816.26,Error(0),Reverted,Enter,
0x288fb114921585ca82d6e5b62dfe99eff01cd8126bf228f20fd0a5331303c375,14404988,1647532842,3/17/2022 16:00,0x45e6f34667f525b56ec6b0d29ab8fe23a9a533f1,0x45a01e4e04f14f7a4a6702c74187c5f6222033cd,,0,0,0,0.002838922,8.8621766,2816.26,Error(0),Reverted,Enter,
0xa7b960c21aec0e654df2cf03e8d7b79b5d9ed26819b8e6c729ca1028c1637c8a,14404988,1647532842,3/17/2022 16:00,0xaf924d33056b0be50abb8c3e560da41414f0ddf8,0x45a01e4e04f14f7a4a6702c74187c5f6222033cd,,0,0,0,0.002838922,8.8621766,2816.26,Error(0),Reverted,Enter,
0xa158f73f1dd481e167401b950445d8241e324ba38cc0d166e2715d360fcb67a2,14404988,1647532842,3/17/2022 16:00,0x0b440c9a7b64e6ca56c637406225582985e31cb2,0x45a01e4e04f14f7a4a6702c74187c5f6222033cd,,0,0,0,0.002838922,8.8621766,2816.26,Error(0),Reverted,Enter,
0x19707b9bd4edb8e49356331221ec70d245b8a235dc17f67e00e45997298eb986,14404988,1647532842,3/17/2022 16:00,0xe715eeca1d8dadc75caf45aedbdb3952f73771a9,0x45a01e4e04f14f7a4a6702c74187c5f6222033cd,,0,0,0,0.002838922,8.8621766,2816.26,Error(0),Reverted,Enter,
0x3d9d0d80e2b4f8eeac776a1f2bcc5f10ca91e8f3bbc9c4e4b5b89d5f94b37057,14404988,1647532842,3/17/2022 16:00,0x792830a05b12527a5d60c3f67ff059d07ee6827a,0x45a01e4e04f14f7a4a6702c74187c5f6222033cd,,0,0,0,0.002840137,8.865971694,2816.26,Error(0),Reverted,Enter,
0xfd818fb6c723aa01c9c9b77b5f372351cfa13932bce122eef0e185e6526644b9,14404988,1647532842,3/17/2022 16:00,0x46811f312f6f7535e5a4c86531b092e58eb5c873,0x45a01e4e04f14f7a4a6702c74187c5f6222033cd,,0,0,0,0.002838922,8.8621766,2816.26,Error(0),Reverted,Enter,
0x7c71e4ee2176c0624a0b6aed53ea66aa43adcf4dd4caed80a01e2edf6d783217,14404988,1647532842,3/17/2022 16:00,0x0d6965c3217809c9eeac71fc66c54e98d04484e8,0x45a01e4e04f14f7a4a6702c74187c5f6222033cd,,0,0,0,0.002838922,8.8621766,2816.26,Error(0),Reverted,Enter,
0x0bc83e1ddc827b2184fbacd05f9bd9bd68ecd69b0c491a25f1384b005a6a56c3,14404988,1647532842,3/17/2022 16:00,0xc766d73be01caa06834032bf5c8f8f0f41a7bf36,0x45a01e4e04f14f7a4a6702c74187c5f6222033cd,,0,0,0,0.002840137,8.865971694,2816.26,Error(0),Reverted,Enter,
0xf5b14a2fa7612ee623e43f1c31f7e44b76ba5b7b0a780799eae396b2b8649181,14404988,1647532842,3/17/2022 16:00,0x0a121c9aab0a5007d02c2126396ce149e57f2b37,0x45a01e4e04f14f7a4a6702c74187c5f6222033cd,,0,0,0,0.002838922,8.8621766,2816.26,Error(0),Reverted,Enter,
0x6ec595bd36848a57aea20e3005f026b972053bca3d3fe4398d04e97382a80e4d,14404988,1647532842,3/17/2022 16:00,0xaf2ceb876304053227cf1c4d0522b35f85a27c33,0x45a01e4e04f14f7a4a6702c74187c5f6222033cd,,0,0,0,0.002840137,8.865971694,2816.26,Error(0),Reverted,Enter,
0x5ef902e413c6300b58ba510aac3e6912314691f281bcd93e2647cb26b8a78edc,14404988,1647532842,3/17/2022 16:00,0xb400e16bcee747910ff17e21c1b6dfe66866790a,0x45a01e4e04f14f7a4a6702c74187c5f6222033cd,,0,0,0,0.002837706,8.858381507,2816.26,Error(0),Reverted,Enter,
0x56c1c49581298d60f34af15b4997ab32b69a6661ad3ee2c74a0222a6434c94cb,14404988,1647532842,3/17/2022 16:00,0x2393e3e49d173b1141444319d3aac7c9ec546131,0x45a01e4e04f14f7a4a6702c74187c5f6222033cd,,0,0,0,0.002838922,8.8621766,2816.26,Error(0),Reverted,Enter,
0x43097b10028dadb13c03dfa9ca1341ab964eac534bb8018aa37f5eb0d8ec9281,14404990,1647532868,3/17/2022 16:01,0x52facc25e6e45fafcf420506e1d0f03028b7d6f7,0x45a01e4e04f14f7a4a6702c74187c5f6222033cd,,0,0,0,0.014005,43.71898835,2816.26,Error(0),Reverted,Enter,
0x9f4fb10df278fef82569a0db86803561aa8cbaba471c0c6270fb8076af7d8ab3,14404990,1647532868,3/17/2022 16:01,0x52facc25e6e45fafcf420506e1d0f03028b7d6f7,0x45a01e4e04f14f7a4a6702c74187c5f6222033cd,,0,0,0,0.014005,43.71898835,2816.26,Error(0),Reverted,Enter,
0xf64a66c20061141c6d3b20ede78df412130d76ab7636ed1fa4f0d2f0c566096c,14404990,1647532868,3/17/2022 16:01,0x52facc25e6e45fafcf420506e1d0f03028b7d6f7,0x45a01e4e04f14f7a4a6702c74187c5f6222033cd,,0,0,0,0.014005,43.71898835,2816.26,Error(0),Reverted,Enter,
0x810abeb2f826d08f7606195629a0b035f3eee13fcac4370ddf55aaefb1e7825c,14404990,1647532868,3/17/2022 16:01,0x52facc25e6e45fafcf420506e1d0f03028b7d6f7,0x45a01e4e04f14f7a4a6702c74187c5f6222033cd,,0,0,0,0.014005,43.71898835,2816.26,Error(0),Reverted,Enter,
0x590b1e51a1641cfd5ad5828152ff9c79cf277e155a021c006cd7be36e2a088fe,14404990,1647532868,3/17/2022 16:01,0x52facc25e6e45fafcf420506e1d0f03028b7d6f7,0x45a01e4e04f14f7a4a6702c74187c5f6222033cd,,0,0,0,0.014005,43.71898835,2816.26,Error(0),Reverted,Enter,
0x749c47264b1514a4b8031ff33cba2971ddcef2608c7e1ecba8aae193b6c4fdce,14404990,1647532868,3/17/2022 16:01,0x52facc25e6e45fafcf420506e1d0f03028b7d6f7,0x45a01e4e04f14f7a4a6702c74187c5f6222033cd,,0,0,0,0.014005,43.71898835,2816.26,Error(0),Reverted,Enter,
0xb032a812fe460e9298ce9edc037cf996a2db10c748d78910d654705565c1beae,14404991,1647532929,3/17/2022 16:02,0x52facc25e6e45fafcf420506e1d0f03028b7d6f7,0x45a01e4e04f14f7a4a6702c74187c5f6222033cd,,0,0,0,0.014005,43.71898835,2816.26,Error(0),Reverted,Enter,
0x21140fd784700f48058b530cc276c49bff577cfae90e11f32bbe1cbb944542ca,14404991,1647532929,3/17/2022 16:02,0x52facc25e6e45fafcf420506e1d0f03028b7d6f7,0x45a01e4e04f14f7a4a6702c74187c5f6222033cd,,0,0,0,0.014005,43.71898835,2816.26,Error(0),Reverted,Enter,
0xd78c95ab8cf06ca423048899204ce96ebdbbde5119881b266bb68f8ff7d5773a,14404991,1647532929,3/17/2022 16:02,0x6b17bb77f8bde7cbe21306bfb6e3969a9ba70841,0x45a01e4e04f14f7a4a6702c74187c5f6222033cd,,0,0,0,0.003305905,10.31994303,2816.26,Error(0),Reverted,Enter,
0x81f958f6cfe446e85b25cbd87bd002774d5e654572831d111f4f0d4816e5b790,14404991,1647532929,3/17/2022 16:02,0x50f61a4d201228ab41ef9df9c476d9947ccb1c60,0x45a01e4e04f14f7a4a6702c74187c5f6222033cd,,0,0,0,0.003298494,10.29680952,2816.26,Error(0),Reverted,Enter,
0x4ed4c78753316f2d29b49d68e713a6789ac085c985bd134e1654a7a5eb029f1e,14404992,1647532944,3/17/2022 16:02,0x52facc25e6e45fafcf420506e1d0f03028b7d6f7,0x45a01e4e04f14f7a4a6702c74187c5f6222033cd,,0,0,0,0.014005,43.71898835,2816.26,Error(0),Reverted,Enter,
0xe0a26019c4c30979b01e52a9b11d48ece606a7b746925bf480ae727c2d041d81,14404992,1647532944,3/17/2022 16:02,0x52facc25e6e45fafcf420506e1d0f03028b7d6f7,0x45a01e4e04f14f7a4a6702c74187c5f6222033cd,,0,0,0,0.014005,43.71898835,2816.26,Error(0),Reverted,Enter,
0x5ad2342ad18fedc3d89ff593966758984be30231206c0256d516c7941f132cb3,14404992,1647532944,3/17/2022 16:02,0x52facc25e6e45fafcf420506e1d0f03028b7d6f7,0x45a01e4e04f14f7a4a6702c74187c5f6222033cd,,0,0,0,0.014005,43.71898835,2816.26,Error(0),Reverted,Enter,
0x9aefd834475c777608796feb4282b08d661fe096bef73675f81accb3e11bdb4b,14404992,1647532944,3/17/2022 16:02,0x52facc25e6e45fafcf420506e1d0f03028b7d6f7,0x45a01e4e04f14f7a4a6702c74187c5f6222033cd,,0,0,0,0.014005,43.71898835,2816.26,Error(0),Reverted,Enter,
0x3bb7e78b875a38a229c91062d8a475b4977b3bffa1ffa1bb945f4744f0fbae3f,14404992,1647532944,3/17/2022 16:02,0x52facc25e6e45fafcf420506e1d0f03028b7d6f7,0x45a01e4e04f14f7a4a6702c74187c5f6222033cd,,0,0,0,0.014005,43.71898835,2816.26,Error(0),Reverted,Enter,
0x51fa1c69b587c27a8489cb42636f702b737252c714fe3c5945bc333ea7ddf897,14404992,1647532944,3/17/2022 16:02,0x52facc25e6e45fafcf420506e1d0f03028b7d6f7,0x45a01e4e04f14f7a4a6702c74187c5f6222033cd,,0,0,0,0.014005,43.71898835,2816.26,Error(0),Reverted,Enter,
0x64060caaed83c4520f3fc8a9a276ef9e66848cde5fed2766ed7207b0991dc5c3,14404992,1647532944,3/17/2022 16:02,0x63968e995e962375d3bc514bef7fd9b78aaa550b,0x45a01e4e04f14f7a4a6702c74187c5f6222033cd,,0,0,0,0.00646538,20.18278353,2816.26,Error(0),Reverted,Enter,
0x299bd94a1bd9a26197bee39663778617745683283691cbb580fbd1a0ad422d42,14404994,1647532974,3/17/2022 16:02,0x52facc25e6e45fafcf420506e1d0f03028b7d6f7,0x45a01e4e04f14f7a4a6702c74187c5f6222033cd,,0,0,0,0.014005,43.71898835,2816.26,Error(0),Reverted,Enter,
0x9e6fee155b4cefdf0c714062f60b1e2434e8a792b31deeb390ffd49aa58c6c49,14404994,1647532974,3/17/2022 16:02,0x344651a2445484bd2928eb46d2610daac1b42a66,0x45a01e4e04f14f7a4a6702c74187c5f6222033cd,,0,0,0,0.003781527,11.80468064,2816.26,Error(0),Reverted,Enter,
0x5e0151d140e2c0a95ff21e3f5e3e8be35660151bdf3d194bba33f5af0c66f4b8,14404996,1647532978,3/17/2022 16:02,0x52facc25e6e45fafcf420506e1d0f03028b7d6f7,0x45a01e4e04f14f7a4a6702c74187c5f6222033cd,,0,0,0,0.014005,43.71898835,2816.26,Error(0),Reverted,Enter,
0xfb42b4d41d7b2ddee902ee0c1f6d89da9f78a40494fa9a71594f7ffd36bc0ea1,14405035,1647533512,3/17/2022 16:11,0x3dca07e16b2becd3eb76a9f9ce240b525451f887,0x45a01e4e04f14f7a4a6702c74187c5f6222033cd,,0,0,0,0.01415717,44.19401287,2816.26,Error(0),Reverted,Enter,
